level1,level2,level3,name,longitude,latitude
السودان,الجزيرة,الكاملين,مركز صحة أسرة ابو حبرة,32.82692648,15.10843084
السودان,الجزيرة,الكاملين,مركز صحة أسرة ابو روس,33.12384577,15.06772933
السودان,الجزيرة,المناقل,مركز صحة أسرة ابو رويشد ,32.77239642,13.90811875
السودان,الجزيرة,الكاملين,مركز صحة أسرة ازرق,32.97899416,15.09229979
السودان,الجزيرة,أم القرى,مركز صحة أسرة البابنوسة,33.79244286,14.26337734
السودان,الجزيرة,الكاملين,مركز صحة أسرة الباقير القدامي,32.75675386,15.37521676
السودان,الجزيرة,الكاملين,مركز صحة أسرة الباقير الوراني,32.72795046,15.401719
السودان,الجزيرة,الكاملين,مركز صحة أسرة التكلة حمد,33.147486,14.93492754
السودان,الجزيرة,الكاملين,مركز صحة أسرة التكله ابشر,33.10299343,15.17359084
السودان,الجزيرة,الكاملين,مركز صحة أسرة التكينة الحي الغربي,33.05040604,15.22195936
السودان,الجزيرة,الكاملين,مركز صحة أسرة الجديد عمران,32.80974342,15.32970244
السودان,الجزيرة,الكاملين,مركز صحة أسرة الجملون سعدانه,33.02960015,14.99477165
السودان,الجزيرة,الكاملين,مركز صحة أسرة الجميعابي,33.16305706,15.026931
السودان,الجزيرة,الكاملين,مركز صحة أسرة الحليلة الشيخ موسي,33.17274034,15.10434911
السودان,الجزيرة,الكاملين,مركز صحة أسرة الدبيب عبدالله,33.10720777,14.99617528
السودان,الجزيرة,الكاملين,مركز صحة أسرة السديرة الغربية,32.79503812,15.16983616
السودان,الجزيرة,الكاملين,مركز صحة أسرة السمير الحله,32.68969461,15.39279504
السودان,الجزيرة,المناقل,مركز صحة أسرة الطليح,33.22786577,14.14501347
السودان,الجزيرة,الكاملين,مركز صحة أسرة العديد ابو عشر,33.13989476,14.91782167
السودان,الجزيرة,المناقل,مركز صحة أسرة العقدة,32.90174092,14.61228789
السودان,الجزيرة,المناقل,مركز صحة أسرة العمارة كرم الله,32.85438627,14.33126028
السودان,الجزيرة,الكاملين,مركز صحة أسرة الفدقوبه,32.78304429,15.09921662
السودان,الجزيرة,أم القرى,مركز صحة أسرة القرية 26,34.0059513,14.22429873
السودان,الجزيرة,أم القرى,مركز صحة أسرة القرية 29,33.92714758,14.29729119
السودان,الجزيرة,أم القرى,مركز صحة أسرة القرية 30,33.89618048,14.27205286
السودان,الجزيرة,أم القرى,مركز صحة أسرة القرية 31,33.94446032,14.35706916
السودان,الجزيرة,أم القرى,مركز صحة أسرة القرية 35,33.80845112,14.37293292
السودان,الجزيرة,أم القرى,مركز صحة أسرة القرية 37,33.87871753,14.41737863
السودان,الجزيرة,أم القرى,مركز صحة أسرة القرية 39,33.8871872,14.44623576
السودان,الجزيرة,الكاملين,مركز صحة أسرة القلقاله,33.09530404,15.15035846
السودان,الجزيرة,أم القرى,مركز صحة أسرة الكاهلي زيدان,33.6951324,14.67023777
السودان,الجزيرة,المناقل,مركز صحة أسرة الكريمت,32.949213,14.34668658
السودان,الجزيرة,الكاملين,مركز صحة أسرة الكسمبر,33.15726785,15.10909008
السودان,الجزيرة,الكاملين,مركز صحة أسرة المسعودية,32.86458638,15.30820345
السودان,الجزيرة,الكاملين,مركز صحة أسرة المسيد الحلة,32.95043777,15.25590129
السودان,الجزيرة,الكاملين,مركز صحة أسرة النابتي,32.82692648,15.10843084
السودان,الجزيرة,المناقل,مركز صحة أسرة ام دغينه الركابية,33.03914328,14.37064374
السودان,الجزيرة,الكاملين,مركز صحة أسرة ام دقرسي شرق,33.2275061,14.98981501
السودان,الجزيرة,الكاملين,مركز صحة أسرة ام مرحي الشيخ الطيب,32.96079344,14.9796724
السودان,الجزيرة,الكاملين,مركز صحة أسرة ام مغد,33.03071452,15.24545124
السودان,الجزيرة,الكاملين,مركز صحة أسرة بت الحاج,33.04765527,15.08739009
السودان,الجزيرة,الكاملين,مركز صحة أسرة حبيبه,32.71873682,15.25986711
السودان,الجزيرة,الكاملين,مركز صحة أسرة حلة حمد,33.09125894,15.06191337
السودان,الجزيرة,الكاملين,مركز صحة أسرة حلة عباس,33.07906637,14.93108561
السودان,الجزيرة,الكاملين,مركز صحة أسرة دار السلام الجديدة,33.04090901,15.05200471
السودان,الجزيرة,أم القرى,مركز صحة أسرة رغوة باكر,33.721036,14.50789204
السودان,الجزيرة,المناقل,مركز صحة أسرة زحل,32.77200649,13.85914237
السودان,الجزيرة,المناقل,مركز صحة أسرة سرحان حي الشيخ,32.88165486,14.69628001
السودان,الجزيرة,المناقل,مركز صحة أسرة طيبه الشيخ كمال الدين,33.05650069,14.4741983
السودان,الجزيرة,المناقل,مركز صحة أسرة عبود,33.01640527,14.17176146
السودان,الجزيرة,الكاملين,مركز صحة أسرة عديد البشاقرة,33.01761663,15.15331845
السودان,الجزيرة,أم القرى,مركز صحة أسرة قرية  العين (أ,33.93297561,14.18749237
السودان,الجزيرة,أم القرى,مركز صحة أسرة قرية مهيله,33.73410967,14.37824956
السودان,الجزيرة,أم القرى,مركز صحة أسرة قرية ود نايل,33.71956984,14.61614943
السودان,الجزيرة,المناقل,مركز صحة أسرة كرري,32.74095322,13.63325201
السودان,الجزيرة,الكاملين,مركز صحة أسرة كلكول,33.17875503,15.09426232
السودان,الجزيرة,المناقل,مركز صحة أسرة كمل نومك,33.02894971,14.33186201
السودان,الجزيرة,الكاملين,مركز صحة أسرة محالج الباقير,32.75708872,15.33769031
السودان,الجزيرة,الكاملين,مركز صحة أسرة محطة المسيد,32.92445177,15.26508601
السودان,الجزيرة,المناقل,مركز صحة أسرة ود اغيبش,32.87965201,14.60479933
السودان,الجزيرة,الكاملين,مركز صحة أسرة ود الترابي,33.13278104,15.12724419
السودان,الجزيرة,الكاملين,مركز صحة أسرة ود الماجدي,33.22358186,14.97459708
السودان,الجزيرة,المناقل,مركز صحة أسرة ود سعدالله,32.90864484,14.45239621
السودان,الجزيرة,المناقل,مركز صحة أسرة ود محمود,33.13645877,14.22776632
السودان,الجزيرة,القرشي,مستشفى 24 القرشي,32.77254183,14.25106497
السودان,الجزيرة,الحصاحيصا,مستشفى ابو عشر,33.19091989,14.90206186
السودان,الجزيرة,الحصاحيصا,مستشفى ابو قوته الحي الشرقي,32.73318034,14.9311488
السودان,الجزيرة,ود مدني الكبرى,مستشفى التأهيلي,33.48583828,14.4203536
السودان,الجزيرة,الكاملين,مستشفى التكينة,33.0620615,15.21212957
السودان,الجزيرة,الكاملين,مستشفى التي,32.97446441,15.25299403
السودان,الجزيرة,المناقل,مستشفى الجاموسي,32.75999556,13.91609313
السودان,الجزيرة,الحصاحيصا,مستشفى الحصاحيصا حي المايقوما,33.2974557,14.7295404
السودان,الجزيرة,جنوب الجزيرة,مستشفى الحوش,33.49177663,14.09704284
السودان,الجزيرة,الكاملين,مستشفى السريحه,32.96723368,15.07791962
السودان,الجزيرة,ود مدني الكبرى,مستشفى الشرطة,33.5329391,14.39823061
السودان,الجزيرة,أم القرى,مستشفى الشريف يعقوب,33.7223595,14.26518179
السودان,الجزيرة,المناقل,مستشفى الطليحاب,32.949213,14.34668658
السودان,الجزيرة,القرشي,مستشفى العزازي,32.75782779,14.46929397
السودان,الجزيرة,المناقل,مستشفى العيون,32.92168155,14.54205944
السودان,الجزيرة,أم القرى,مستشفى الفعج البشير,33.58914902,14.51310248
السودان,الجزيرة,أم القرى,مستشفى القرية 23 جنوب ( غفار),33.88581793,14.21779554
السودان,الجزيرة,الكاملين,مستشفى الكاملين,33.18123347,15.0653093
السودان,الجزيرة,القرشي,مستشفى الماطوري,32.69506154,14.0952404
السودان,الجزيرة,الكاملين,مستشفى المعيلق,33.09709358,15.01346748
السودان,الجزيرة,المناقل,مستشفى المناقل,32.99806677,14.25099459
السودان,الجزيرة,ود مدني الكبرى,مستشفى النساء و التوليد,33.52875975,14.39780228
السودان,الجزيرة,أم القرى,مستشفى ام القري,33.77858648,14.43632274
السودان,الجزيرة,ود مدني الكبرى,مستشفى جراحة الاطفال,33.5314228,14.40036594
السودان,الجزيرة,الكاملين,مستشفى جياد,32.84243133,15.32259274
السودان,الجزيرة,ود مدني الكبرى,مستشفى عليا,33.53268138,14.39896321
السودان,الجزيرة,أم القرى,مستشفى عمارة البنا,33.7223595,14.26518179
السودان,الجزيرة,ود مدني الكبرى,مستشفى مدنى التعلمي,33.52572367,14.39779732
السودان,الجزيرة,المناقل,مستشفي  الشكينيبه,33.01640527,14.17176146
السودان,الجزيرة,الكاملين,مستشفي  المحريبا الفكي عمر,32.93894676,15.03616853
السودان,الجزيرة,المناقل,مستشفي  قبوجة,32.76480552,13.81333334
السودان,الجزيرة,الكاملين,مستشفي الدبيبة الدباسين,33.01711438,14.9506333
السودان,الجزيرة,الكاملين,مستشفي كاب الجداد,32.87280852,15.13201106
السودان,الجزيرة,المناقل,وحدة صحة أسرة 3 الاغر,32.8639403,13.92411101
السودان,الجزيرة,المناقل,وحدة صحة أسرة ابرق,33.01140924,14.39312484
السودان,الجزيرة,الكاملين,وحدة صحة أسرة البشاقرة غرب,33.0765202,15.20359855
السودان,الجزيرة,أم القرى,وحدة صحة أسرة الحريز,33.77449829,14.19140588
السودان,الجزيرة,الكاملين,وحدة صحة أسرة الحريق,32.87876789,15.1941244
السودان,الجزيرة,المناقل,وحدة صحة أسرة الحفاير حمد,32.69351936,14.22096105
السودان,الجزيرة,الكاملين,وحدة صحة أسرة الدبيسة العوامرة,32.70155006,15.17437496
السودان,الجزيرة,المناقل,وحدة صحة أسرة الدشينات,32.86164106,14.02928545
السودان,الجزيرة,المناقل,وحدة صحة أسرة الدقيساب,33.16741917,14.04475668
السودان,الجزيرة,المناقل,وحدة صحة أسرة الرانجوك,32.75715276,13.77254005
السودان,الجزيرة,المناقل,وحدة صحة أسرة الرضي,32.79616901,13.95756846
السودان,الجزيرة,الكاملين,وحدة صحة أسرة الريحانه 2,33.10169575,14.98785566
السودان,الجزيرة,الكاملين,وحدة صحة أسرة السعدانة الحلاوين,33.02705104,14.99889362
السودان,الجزيرة,أم القرى,وحدة صحة أسرة السعدوناب,33.60476383,14.48513098
السودان,الجزيرة,الكاملين,وحدة صحة أسرة السمير المحطة,32.68969461,15.39279504
السودان,الجزيرة,المناقل,وحدة صحة أسرة الطائف,32.91217379,14.13790142
السودان,الجزيرة,المناقل,وحدة صحة أسرة الطقيع,32.98716467,14.2958718
السودان,الجزيرة,المناقل,وحدة صحة أسرة العبدناب,32.89027699,14.4719646
السودان,الجزيرة,المناقل,وحدة صحة أسرة العبطه حسين,32.75365809,14.36190552
السودان,الجزيرة,المناقل,وحدة صحة أسرة العدناب,32.78359892,14.71213169
السودان,الجزيرة,الكاملين,وحدة صحة أسرة العزازة,33.02690906,15.21747898
السودان,الجزيرة,المناقل,وحدة صحة أسرة العشير,32.68366735,13.6930765
السودان,الجزيرة,الكاملين,وحدة صحة أسرة العقيدة الدباسيين,33.016085,14.9326734
السودان,الجزيرة,الكاملين,وحدة صحة أسرة العمارة الجموعية,32.93622642,14.98757302
السودان,الجزيرة,المناقل,وحدة صحة أسرة العمارة عبدالباري,32.84373681,14.28760917
السودان,الجزيرة,المناقل,وحدة صحة أسرة العمارة عبدالرحيم,32.86987921,14.24394507
السودان,الجزيرة,المناقل,وحدة صحة أسرة العوامرة,33.03903591,14.39097094
السودان,الجزيرة,الكاملين,وحدة صحة أسرة الفراجين,32.76464492,15.19512185
السودان,الجزيرة,الكاملين,وحدة صحة أسرة القرضات فوق,32.99759595,15.22845081
السودان,الجزيرة,أم القرى,وحدة صحة أسرة القرية 32,33.99427774,14.28644442
السودان,الجزيرة,أم القرى,وحدة صحة أسرة القرية 34,33.80266568,14.30498217
السودان,الجزيرة,أم القرى,وحدة صحة أسرة القرية 38,33.83626596,14.40760097
السودان,الجزيرة,المناقل,وحدة صحة أسرة القلة,32.8720088,13.7775919
السودان,الجزيرة,المناقل,وحدة صحة أسرة القلعة,32.8720088,13.7775919
السودان,الجزيرة,المناقل,وحدة صحة أسرة القلعه حمدون جودة,32.86200634,14.73332131
السودان,الجزيرة,المناقل,وحدة صحة أسرة القليع,32.83910656,14.49563032
السودان,الجزيرة,الكاملين,وحدة صحة أسرة الكاملين غرب,33.18918421,15.02744925
السودان,الجزيرة,المناقل,وحدة صحة أسرة الكترة,32.92498712,14.41836543
السودان,الجزيرة,الكاملين,وحدة صحة أسرة اللعوته,33.11846718,15.02681105
السودان,الجزيرة,المناقل,وحدة صحة أسرة الله ادانا,32.71814003,13.84744585
السودان,الجزيرة,المناقل,وحدة صحة أسرة المحريبا بلال,32.8411484,14.58792781
السودان,الجزيرة,الكاملين,وحدة صحة أسرة المحيريبا الشوتلاب,32.94799117,15.02303836
السودان,الجزيرة,الكاملين,وحدة صحة أسرة المحيريبا اولاد يوسف,32.9130673,15.07208465
السودان,الجزيرة,أم القرى,وحدة صحة أسرة المغاربة,33.59159175,14.59891682
السودان,الجزيرة,المناقل,وحدة صحة أسرة النقير,33.16986199,14.22729492
السودان,الجزيرة,المناقل,وحدة صحة أسرة ام حجار المكاشفي,32.80974182,13.8317473
السودان,الجزيرة,المناقل,وحدة صحة أسرة ام حجير,33.227316,14.09895189
السودان,الجزيرة,المناقل,وحدة صحة أسرة ام ذكري,32.89307244,14.10488561
السودان,الجزيرة,أم القرى,وحدة صحة أسرة ام طرطارة,33.69171023,14.61158884
السودان,الجزيرة,المناقل,وحدة صحة أسرة ام طلحه الجديدة,32.89995667,14.05586128
السودان,الجزيرة,المناقل,وحدة صحة أسرة ام قرقور,32.94521593,13.94814326
السودان,الجزيرة,أم القرى,وحدة صحة أسرة ام كتيرة,33.63760622,14.54107557
السودان,الجزيرة,الكاملين,وحدة صحة أسرة ام وزين,33.12384577,15.06772933
السودان,الجزيرة,المناقل,وحدة صحة أسرة بانت ابو دقن,33.03799463,14.42998669
السودان,الجزيرة,المناقل,وحدة صحة أسرة بانت علي حامد,32.92895026,13.92545136
السودان,الجزيرة,المناقل,وحدة صحة أسرة بربيرة,32.6993571,13.89867671
السودان,الجزيرة,الكاملين,وحدة صحة أسرة بركات,33.01218666,15.10033828
السودان,الجزيرة,المناقل,وحدة صحة أسرة بقادي,33.18347538,14.06001091
السودان,الجزيرة,الكاملين,وحدة صحة أسرة بيضاء,32.95413963,14.95354216
السودان,الجزيرة,الكاملين,وحدة صحة أسرة توير,33.00682627,15.10074103
السودان,الجزيرة,الكاملين,وحدة صحة أسرة حلة موسي,33.01830042,15.01251966
السودان,الجزيرة,المناقل,وحدة صحة أسرة حميرات,33.13502865,14.14505848
السودان,الجزيرة,أم القرى,وحدة صحة أسرة روينا العركيين,33.61011635,14.47897984
السودان,الجزيرة,الكاملين,وحدة صحة أسرة ري الترابي,33.13278104,15.12724419
السودان,الجزيرة,الكاملين,وحدة صحة أسرة زالنجي,32.93454761,15.22249388
السودان,الجزيرة,المناقل,وحدة صحة أسرة سقيدة,32.85433304,13.75933193
السودان,الجزيرة,أم القرى,وحدة صحة أسرة طيبة السبيقيين,33.68546739,14.45585023
السودان,الجزيرة,الكاملين,وحدة صحة أسرة طيبة الشقايق,33.02751515,15.12358298
السودان,الجزيرة,المناقل,وحدة صحة أسرة طيبة النور,32.94071845,14.65560079
السودان,الجزيرة,المناقل,وحدة صحة أسرة طيبة جابر,32.83853148,13.61959244
السودان,الجزيرة,المناقل,وحدة صحة أسرة طيبة وقيع الله,32.84453544,13.84541994
السودان,الجزيرة,الكاملين,وحدة صحة أسرة عبدالملك,33.08252265,14.98936063
السودان,الجزيرة,المناقل,وحدة صحة أسرة عريطل ,32.91217379,14.13790142
السودان,الجزيرة,الكاملين,وحدة صحة أسرة فضل,33.09140017,15.1976785
السودان,الجزيرة,أم القرى,وحدة صحة أسرة قوز البطاحين,33.50300644,14.56003645
السودان,الجزيرة,المناقل,وحدة صحة أسرة قوز الرهيد,32.9694061,14.58914973
السودان,الجزيرة,المناقل,وحدة صحة أسرة كادوس,33.16986199,14.22729492
السودان,الجزيرة,المناقل,وحدة صحة أسرة كتري,32.67394762,13.85791082
السودان,الجزيرة,الكاملين,وحدة صحة أسرة كدسة ام القري,33.05363023,15.10264423
السودان,الجزيرة,أم القرى,وحدة صحة أسرة مبروكه,33.6897249,14.46575906
السودان,الجزيرة,المناقل,وحدة صحة أسرة مريحله,32.74950553,13.68401541
السودان,الجزيرة,المناقل,وحدة صحة أسرة مهله الحاجاب,33.03064286,14.45144529
السودان,الجزيرة,الكاملين,وحدة صحة أسرة مهله الحسناب,32.67529911,15.2472976
السودان,الجزيرة,المناقل,وحدة صحة أسرة مهله عبدالله,32.87436387,14.4945188
السودان,الجزيرة,المناقل,وحدة صحة أسرة هجرس البلال,32.96915573,14.43513159
السودان,الجزيرة,المناقل,وحدة صحة أسرة هجرس العركي,32.96915573,14.43513159
السودان,الجزيرة,المناقل,وحدة صحة أسرة ود الجمل,32.97259198,14.49885308
السودان,الجزيرة,المناقل,وحدة صحة أسرة ود الزين,32.94011571,14.47794182
السودان,الجزيرة,أم القرى,وحدة صحة أسرة ود المادح 22,33.84435961,14.18738591
السودان,الجزيرة,المناقل,وحدة صحة أسرة ود النعيم,32.89465863,14.43190849
السودان,الجزيرة,الكاملين,وحدة صحة أسرة ود بسري,32.89924479,15.23880271
السودان,الجزيرة,المناقل,وحدة صحة أسرة ود سرير الدار,32.78385901,14.36042435
السودان,الجزيرة,الكاملين,وحدة صحة أسرة وغرة,32.69855336,15.21116347
