fid,state_en,loc_name,loc_en,objectid,objectid_1,state,total_pop,shape_leng,locality_g,shape_le_1,shape_le_2,hrparent,hrpcode,st_area_shape_,st_length_shape_
1,Northern,حلفا,Halfa,70,70,الشمالية,33631.000000000000000,18.326413679999998,1101,18.326413679999998,18.325670040000002,SD17,SD17014,149486650386.804962158203125,2062432.022621867712587
2,Northern,دلقو,Delgo,71,71,الشمالية,42133.000000000000000,16.274357569999999,1102,16.274357569999999,16.273874380000002,SD17,SD17015,64578807386.311042785644531,1816977.793560744961724
3,Northern,البرقيق,Al Burgaig,67,67,الشمالية,87319.000000000000000,1.909914090000000,1103,1.909914090000000,1.909914090000000,SD17,SD17016,1610546625.094127178192139,215614.252102759142872
4,Northern,دنقلا,Dongola,72,72,الشمالية,150161.000000000000000,11.487394880000000,1104,11.487394869999999,11.498880199999999,SD17,SD17017,54559331986.240737915039062,1295045.245538724120706
5,Northern,القولد,Al Golid,69,69,الشمالية,79547.000000000000000,11.656603090000001,1106,11.656603090000001,11.658473230000000,SD17,SD17018,72871098529.347244262695312,1320112.977707617683336
6,Northern,مروي,Merwoe,73,73,الشمالية,157729.000000000000000,6.296146580000000,1105,6.296146580000000,6.295973950000000,SD17,SD17020,19651534886.479396820068359,725799.861493196454830
7,Northern,الدبة,Ad Dabbah,68,68,الشمالية,148545.000000000000000,9.217475329999999,1107,9.217475320000000,9.212597250000000,SD17,SD17019,49829674102.056182861328125,1041820.671557692228816
8,Red Sea,حلايب,Hala'ib,81,81,البحر الأحمر,0.000000000000000,13.216971910000002,2101,13.216971920000001,13.178789940000000,SD10,SD10066,47364611859.693168640136719,1639635.384894472081214
9,Red Sea,جبيت المعادن,Jubayt Elma'aadin,80,80,البحر الأحمر,34965.000000000000000,8.311814820000000,2102,8.311814820000000,8.311616840000001,SD10,SD10067,46679224366.237327575683594,942561.966344037326053
10,Red Sea,القنب,Al Ganab,74,74,البحر الأحمر,111813.000000000000000,12.255043310000001,2103,12.255043320000000,12.255020390000000,SD10,SD10069,79710091030.941268920898438,1413570.596699279267341
11,Red Sea,بورتسودان,Port Sudan,79,79,البحر الأحمر,399140.000000000000000,1.029744710000000,2104,1.029744710000000,1.029831480000000,SD10,SD10064,638136347.732811450958252,130383.769273001656984
36,Kassala,حلفا الجديدة,Halfa Aj Jadeedah,37,37,كسلا,211864.000000000000000,2.214142620000000,2207,2.214142620000000,2.214142620000000,SD11,SD11052,1651127299.790906906127930,253301.841248956159689
12,Red Sea,سواكن,Sawakin,76,76,البحر الأحمر,82150.000000000000000,1.974948800000000,2105,1.974948800000000,1.975421370000000,SD10,SD10068,2213490304.355746746063232,238524.716012220538687
13,Red Sea,سنكات,Sinkat,75,75,البحر الأحمر,159085.000000000000000,4.271558310000000,2106,4.271558310000000,4.271558310000000,SD10,SD10071,9026526597.792472839355469,488426.028516602236778
14,Red Sea,هيا,Haya,82,82,البحر الأحمر,105707.000000000000000,7.848428600000000,2108,7.848428600000000,7.847911560000000,SD10,SD10070,24935741698.767532348632812,893007.088049568468705
15,Red Sea,درديب,Dordieb,83,83,البحر الأحمر,66983.000000000000000,4.762089190000000,2110,4.762089190000000,4.761499470000000,SD10,SD10063,13566377627.113430023193359,538205.379056580713950
18,River Nile,البحيرة,Al Buhaira,90,90,نهر النيل,12260.000000000000000,7.849470000000000,1202,7.849470000000000,7.831833750000000,SD16,SD16014,21089016963.671627044677734,922643.676312405965291
16,Red Sea,طوكر,Tawkar,77,77,البحر الأحمر,170273.000000000000000,5.168868690000000,2107,5.168868690000000,5.168795330000000,SD10,SD10065,12618069820.938272476196289,591554.825079833855852
19,River Nile,أبو حمد,Abu Hamad,89,89,نهر النيل,48543.000000000000000,9.529461760000000,1201,9.529461760000000,9.500605240000001,SD16,SD16008,36137305927.994934082031250,1106770.024439692031592
20,River Nile,بربر,Barbar,86,86,نهر النيل,152377.000000000000000,5.873443470000000,1203,5.873443470000000,5.873419360000000,SD16,SD16013,14974945516.437713623046875,662095.639167536282912
179,North Darfur,الكومة,Al Koma,182,182,شمال دارفور,0.000000000000000,1.174115600000000,6107,1.174115600000000,1.175342050000000,SD02,SD02116,830085970.806087374687195,132295.519469042366836
17,Red Sea,عقيق,Agig,78,78,البحر الأحمر,78992.000000000000000,4.413062680000000,2109,4.413062680000000,4.413650580000000,SD10,SD10072,8387039455.615433692932129,535846.418987154494971
21,River Nile,عطبرة,Atbara,88,88,نهر النيل,134586.000000000000000,4.965254450000001,1204,4.965254450000001,4.965078900000000,SD16,SD16012,9563565145.492080688476562,560652.277405891916715
22,River Nile,الدامر,Ad Damar,84,84,نهر النيل,284148.000000000000000,9.985135049999998,1205,9.985135049999998,9.985306790000001,SD16,SD16011,40759454412.770622253417969,1129573.735640663653612
23,River Nile,المتمة,Al Matama,85,85,نهر النيل,151889.000000000000000,4.423276309999999,1206,4.423276309999999,4.423169640000000,SD16,SD16009,10166678530.465015411376953,498097.332885138224810
24,River Nile,شندي,Shendi,87,87,نهر النيل,269446.000000000000000,4.475090939999999,1207,4.475090939999999,4.474830210000000,SD16,SD16010,12937913504.685096740722656,599539.704140233108774
25,Khartoum,أمبدة,Um Bada,42,42,الخرطوم,988163.000000000000000,3.612465200000000,3101,3.612465200000000,3.613190360000000,SD01,SD01002,3776257514.239521503448486,410133.377260012319311
26,Khartoum,كرري,Karrari,45,45,الخرطوم,714079.000000000000000,2.794286360000000,3102,2.794286360000000,2.794582480000000,SD01,SD01005,3176647039.287833213806152,316915.016289067396428
27,Khartoum,بحري,Bahri,43,43,الخرطوم,608817.000000000000000,2.899907040000000,3103,2.899907030000000,2.900220410000000,SD01,SD01003,3483406120.785039901733398,328961.039063492440619
28,Khartoum,شرق النيل,Sharg An Neel,44,44,الخرطوم,868147.000000000000000,5.149889490000000,3104,5.149889490000000,5.150286630000000,SD01,SD01004,10281133002.853313446044922,581388.092827051761560
29,Khartoum,الخرطوم,Khartoum,47,47,الخرطوم,639598.000000000000000,0.637373470000000,3106,0.637373470000000,0.637373470000000,SD01,SD01007,181207376.182083398103714,72129.890185953132459
31,Khartoum,جبل أولياء,Jebel Awlia,41,41,الخرطوم,942429.000000000000000,1.169943480000000,3107,1.169943480000000,1.170096690000000,SD01,SD01001,843404808.219109773635864,132578.571623828873271
32,Kassala,ريفى همش كوريب,Reifi Hamashkureib,40,40,كسلا,255288.000000000000000,2.829102670000000,2202,2.829102670000000,2.829497130000000,SD11,SD11058,4282245720.513814926147461,297282.713642327580601
33,Kassala,ريفى شمال الدلتا,Reifi Shamal Ad Delta,34,34,كسلا,91851.000000000000000,3.345106670000000,2201,3.345106670000000,3.345424580000000,SD11,SD11057,8144356335.615377426147461,382685.458252970536705
34,Kassala,ريفى تلكوك,Reifi Telkok,35,35,كسلا,274978.000000000000000,3.128893120000000,2203,3.128893120000000,3.128843240000000,SD11,SD11059,6144040367.293179512023926,357151.819801964971703
35,Kassala,ريفى أروما,Reifi Aroma,33,33,كسلا,102759.000000000000000,4.081950350000001,2204,4.081950350000001,4.082029980000000,SD11,SD11055,6465037580.674904823303223,463656.457143815758172
37,Kassala,ريفى نهر عطبرة,Reifi Nahr Atbara,38,38,كسلا,136911.000000000000000,3.007849630000000,2205,3.007849630000000,3.007956320000000,SD11,SD11062,2585565512.857038021087646,343655.175802991259843
38,Kassala,ريفى خشم القربة,Reifi Khashm Elgirba,36,36,كسلا,98939.000000000000000,5.877291100000000,2206,5.877291100000000,5.877397700000000,SD11,SD11060,13116096711.657310485839844,665103.263465832686052
39,Kassala,ريفى كسلا,Reifi Kassla,32,32,كسلا,154630.000000000000000,3.197884590000000,2210,3.197884590000000,3.197921910000000,SD11,SD11056,3045475706.635825634002686,361402.748834809870459
40,Kassala,مدينة كسلا,Madeinat Kassala,39,39,كسلا,298529.000000000000000,0.431155240000000,2208,0.431155250000000,0.431155250000000,SD11,SD11053,143406314.855275005102158,48947.656621106834791
41,Kassala,ريفى غرب كسلا,Reifi Gharb Kassala,31,31,كسلا,79376.000000000000000,1.573573050000000,2209,1.573573050000000,1.573573050000000,SD11,SD11054,2119049300.369105577468872,178465.641723286447814
42,Kassala,ريفى ود الحليو,Reifi Wad Elhilaiw,30,30,كسلا,84681.000000000000000,2.749607400000000,2211,2.749607400000000,2.749461800000000,SD11,SD11061,5229124092.479932785034180,310330.616869276040234
43,Gedaref,البطانة,Al Butanah,189,19,القضارف,71365.000000000000000,6.237128000000000,2301,6.237128000000000,6.237204279999999,SD12,SD12073,21147051026.550731658935547,702829.747106298222207
44,Gedaref,الفشقة,Al Fashaga,22,22,القضارف,120835.000000000000000,4.076402750000000,2302,4.076402750000000,4.076051499999999,SD12,SD12075,5561557091.848806381225586,461449.986797574500088
45,Gedaref,وسط القضارف,Wasat Al Gedaref,24,24,القضارف,111669.000000000000000,4.423774910000001,2303,4.423774910000001,4.423774910000001,SD12,SD12081,10246673172.119009017944336,499588.133805646328256
46,Gedaref,مدينة القضارف,Madeinat Al Gedaref,25,25,القضارف,269395.000000000000000,0.435420280000000,2304,0.435420280000000,0.435420280000000,SD12,SD12080,126856754.573513716459274,49191.704659292590804
47,Gedaref,الفاو,Al Fao,23,23,القضارف,176662.000000000000000,1.848482860000000,2305,1.848482860000000,1.848175210000000,SD12,SD12074,2294201787.264953613281250,214557.548975117941154
137,South Darfur,نتيقة,Nitega,124,124,جنوب دارفور,266826.000000000000000,2.566663630000000,6403,2.566663630000000,2.580253670000000,SD03,SD03151,3104503903.130114555358887,260320.725167768687243
48,Gedaref,القريشة,Al Qureisha,21,21,القضارف,83394.000000000000000,2.733228080000000,2310,2.733228080000000,2.733359040000000,SD12,SD12076,3777483038.525157451629639,302310.261481954774354
49,Gedaref,القلابات الشرقية,Galabat Ash-Shargiah,26,26,القضارف,0.000000000000000,2.748586210000000,2311,2.748586200000000,2.748664090000000,SD12,SD12083,4367463183.861774444580078,307523.341172647778876
50,Gedaref,قلع النحل,Gala'a Al Nahal,20,20,القضارف,66122.000000000000000,2.958825340000000,2308,2.944221560000000,2.944221560000000,SD12,SD12079,4102656473.251534461975098,332447.075762468331959
51,Gedaref,المفازة,Al Mafaza,29,29,القضارف,0.000000000000000,1.873759710000000,2306,1.873759710000000,1.873545460000000,SD12,SD12082,1471060567.124641180038452,220198.795309821551200
55,Aj Jazirah,شرق الجزيرة,Sharg Aj Jazirah,157,157,الجزيرة,463154.000000000000000,3.517005480000000,4101,3.517005480000000,3.517225900000000,SD15,SD15033,7029224284.492245674133301,397727.311457969888579
52,Gedaref,الرهد,Ar Rahad,65,65,القضارف,0.000000000000000,3.272844930000000,5108,3.272844930000000,3.351337700000000,SD12,SD12084,2260971846.590233325958252,320333.963339951646049
53,Gedaref,باسندة,Basundah,27,27,القضارف,0.000000000000000,2.241522540000000,2312,2.241522540000000,2.241309030000000,SD12,SD12077,3954855713.411810398101807,259546.124537127441727
54,Gedaref,القلابات الغربية - كساب,Al Galabat Al Gharbyah - Kassab,18,18,القضارف,91875.000000000000000,3.749143610000000,2309,4.412968000000000,4.413011700000000,SD12,SD12078,4404958383.447607994079590,498598.994808814139105
56,Aj Jazirah,الكاملين,Al Kamlin,159,159,الجزيرة,401930.000000000000000,2.073073780000000,4102,2.073073780000000,2.073202170000000,SD15,SD15035,1970837418.636374950408936,234145.493566699849907
57,Aj Jazirah,الحصاحيصا,Al Hasahisa,158,158,الجزيرة,606389.000000000000000,4.051453100000000,4103,4.051453100000000,4.051559190000000,SD15,SD15034,4478344437.407352447509766,459240.615703807328828
58,Aj Jazirah,أم القري,Um Algura,156,156,الجزيرة,218478.000000000000000,3.078546970000000,4104,3.078546960000000,3.077757690000000,SD15,SD15032,4218347157.227390289306641,348168.447315509663895
138,South Darfur,مرشنج,Mershing,128,128,جنوب دارفور,629971.000000000000000,1.486507090000000,6405,1.486507090000000,1.486507090000000,SD03,SD03145,1204047078.788421392440796,168197.679433114331914
59,Aj Jazirah,مدني الكبري,Medani Al Kubra,154,154,الجزيرة,423863.000000000000000,1.655344400000000,4106,1.655344400000000,1.655454430000000,SD15,SD15030,629194478.529529571533203,188497.951289462565910
60,Aj Jazirah,جنوب الجزيرة,Janub Aj Jazirah,155,155,الجزيرة,555250.000000000000000,3.704752360000000,4107,3.704752360000000,3.704712900000000,SD15,SD15031,3477396873.461476325988770,419448.264864662487525
67,White Nile,قلي,Guli,115,115,النيل الأبيض,146085.000000000000000,2.533597210000000,4205,2.533597210000000,2.533597210000000,SD09,SD09052,3239436753.462019443511963,286726.008102468214929
61,Aj Jazirah,المناقل,Al Manaqil,160,160,الجزيرة,0.000000000000000,4.254619320000000,4105,4.254619320000000,4.254969080000000,SD15,SD15036,4001163226.884068965911865,481576.275525499950163
62,Aj Jazirah,القرشي,Al Qurashi,161,161,الجزيرة,0.000000000000000,2.937794900000000,4108,2.937794900000000,2.937767300000000,SD15,SD15037,3360017720.805143356323242,332422.225968140293844
72,Sennar,شرق سنار,Sharg Sennar,96,96,سنار,226643.000000000000000,2.584506140000000,4301,2.584506140000000,2.584697800000000,SD14,SD14042,3365624328.992266178131104,291456.513294529053383
63,White Nile,القطينة,Al Gitaina,109,109,النيل الأبيض,245183.000000000000000,5.000110350000000,4201,5.000110350000000,5.000076960000000,SD09,SD09050,6000580998.679520606994629,567104.422944432124496
64,White Nile,أم رمتة,Um Rimta,110,110,النيل الأبيض,118919.000000000000000,2.449434810000000,4202,2.449434810000000,2.449400060000000,SD09,SD09045,3403251294.990378856658936,277214.724025691801216
65,White Nile,الدويم,Ad Diwaim,108,108,النيل الأبيض,295695.000000000000000,3.433564980000000,4203,3.433564980000000,3.433533030000000,SD09,SD09044,6271739708.715636253356934,388577.039480766281486
66,White Nile,ربك,Rabak,112,112,النيل الأبيض,239665.000000000000000,1.753223520000000,4204,1.753223520000000,1.753350130000000,SD09,SD09046,1796863548.239928722381592,198622.477926656574709
68,White Nile,تندلتي,Tendalti,111,111,النيل الأبيض,142530.000000000000000,3.347449750000000,4206,3.347449750000000,3.347489900000000,SD09,SD09048,4635808003.852145195007324,378262.147201594372746
69,White Nile,كوستي,Kosti,114,114,النيل الأبيض,45598.000000000000000,1.983690250000000,4207,1.983690250000000,1.983690250000000,SD09,SD09047,1664424026.351353883743286,223722.742757499567233
70,White Nile,السلام / الراوات,As Salam / Ar Rawat,113,113,النيل الأبيض,106419.000000000000000,4.030497300000000,4209,4.030497310000000,4.030295120000000,SD09,SD09049,9175464834.330551147460938,453804.192225104488898
71,White Nile,الجبلين,Aj Jabalain,107,107,النيل الأبيض,117414.000000000000000,3.134727930000000,4208,3.134727930000000,3.125003270000000,SD09,SD09051,4200195059.096736431121826,351130.601276928675361
139,South Darfur,نيالا شمال,Nyala Shimal,122,122,جنوب دارفور,629971.000000000000000,2.268268420000000,6409,2.268268420000000,2.268268420000000,SD03,SD03164,3318906482.650728225708008,255765.575683270377340
73,Sennar,سنار,Sennar,94,94,سنار,293999.000000000000000,3.349208240000000,4302,3.349208250000000,3.349011760000000,SD14,SD14038,5888478767.822914123535156,378606.869755100517068
74,Sennar,الدندر,Ad Dinder,92,92,سنار,192480.000000000000000,6.183477450000000,4303,6.183477450000000,6.182792279999999,SD14,SD14040,14951771814.987030029296875,685871.788889605784789
75,Sennar,السوكي,As Suki,93,93,سنار,206949.000000000000000,3.402437940000000,4304,3.402437940000000,3.402337830000000,SD14,SD14041,2944036141.607110500335693,384239.313722845457960
76,Sennar,سنجة,Sinja,95,95,سنار,153183.000000000000000,1.824208620000000,4305,1.824208620000000,1.824208620000000,SD14,SD14043,1829098673.770795345306396,206092.938773116969969
77,Sennar,الدالي,Ad Dali,91,91,سنار,71559.000000000000000,4.700200680000000,4306,4.700200680000000,4.697713440000000,SD14,SD14039,8547949299.662752151489258,530259.812732548569329
78,Sennar,أبو حجار,Abu Hujar,97,97,سنار,129952.000000000000000,2.449734210000000,4307,2.449734210000000,2.449935540000000,SD14,SD14037,4045560411.121052742004395,276346.808553988696076
140,South Darfur,نيالا جنوب,Nyala Janoub,125,125,جنوب دارفور,629971.000000000000000,0.691223390000000,6410,0.691223390000000,0.691223390000000,SD03,SD03167,271064636.902917265892029,77598.410547319057514
79,Blue Nile,الدمازين,Ed Damazine,55,55,النيل الأزرق,212712.000000000000000,2.140382550000000,4402,2.140382550000000,2.140449410000000,SD08,SD08105,1992693123.036517143249512,242030.831442663882626
80,Blue Nile,الروصيرص,Ar Rusayris,60,60,النيل الأزرق,0.000000000000000,2.388871460000000,4401,2.388871460000000,2.389295100000000,SD08,SD08107,4236805199.527074337005615,269269.193429035600275
81,Blue Nile,ود الماحي,Wad Al Mahi,59,59,النيل الأزرق,0.000000000000000,2.224086820000000,4404,2.224086820000000,2.224301620000000,SD08,SD08110,4003005941.711893558502197,248158.924132006097352
82,Blue Nile,قيسان,Geisan,56,56,النيل الأزرق,87809.000000000000000,3.379924180000000,4405,3.379924180000000,3.379503160000000,SD08,SD08109,3629036294.366661548614502,382790.986397421336733
83,Blue Nile,الكرمك,Al Kurmuk,54,54,النيل الأزرق,110815.000000000000000,5.505861940000000,4407,5.505861940000000,5.267740659999999,SD08,SD08106,10127304130.779834747314453,595703.016777579206973
84,Blue Nile,باو,Baw,57,57,النيل الأزرق,127251.000000000000000,3.733354490000000,4406,3.733354490000000,3.658727930000000,SD08,SD08104,7574849226.463055610656738,416432.038192448846530
85,Blue Nile,التضامن - ن ق,At Tadamon - BN,58,58,النيل الأزرق,77668.000000000000000,3.790599950000000,4403,3.790599950000000,3.722305170000000,SD08,SD08108,8376535533.176711082458496,421648.201580564666074
86,North Kordofan,جبرة الشيخ,Gebrat Al Sheikh,51,51,شمال كردفان,231208.000000000000000,9.806227370000000,5101,9.806227370000000,9.808726800000001,SD13,SD13027,55159552333.016136169433594,1110313.261206924449652
87,North Kordofan,سودري,Soudari,50,50,شمال كردفان,271465.000000000000000,13.509609670000001,5102,13.509609680000001,13.508725430000000,SD13,SD13025,88285272209.982360839843750,1524333.905219359789044
95,South Kordofan,التضامن - ج ك,At Tadamon - SK,139,139,جنوب كردفان,0.000000000000000,2.784843430000000,5305,2.784843430000000,2.784870330000000,SD07,SD07106,3622425560.435647964477539,314044.247731779934838
88,North Kordofan,بارا,Bara,53,53,شمال كردفان,0.000000000000000,6.957284720000001,5103,6.957284720000001,6.957316180000000,SD13,SD13026,12361117237.731012344360352,786597.965024280129001
89,North Kordofan,غرب بارا,Gharb Bara,52,52,شمال كردفان,0.000000000000000,4.997137070000000,5104,4.997137070000000,4.999538120000000,SD13,SD13029,12045275712.148242950439453,564395.874400742934085
90,North Kordofan,أم دم حاج أحمد,Um Dam Haj Ahmed,66,66,شمال كردفان,0.000000000000000,4.128129850000000,5105,4.128129850000000,4.128129850000000,SD13,SD13028,5319228468.343433380126953,466271.297790544223972
91,North Kordofan,أم روابة,Um Rawaba,48,48,شمال كردفان,634718.000000000000000,5.071418590000000,5106,5.071418590000000,5.071221320000000,SD13,SD13023,12383548478.481264114379883,526020.678911513765343
92,North Kordofan,الرهد,Ar Rahad,65,65,شمال كردفان,0.000000000000000,3.272844930000000,5108,3.272844930000000,3.351337700000000,SD13,SD13030,6001955681.836974143981934,370681.487690067209769
150,South Darfur,برام,Buram,134,134,جنوب دارفور,512952.000000000000000,2.596214090000000,6418,2.596214090000000,2.669248680000000,SD03,SD03161,3733108550.539233684539795,300484.688602861540858
93,North Kordofan,شيكان,Sheikan,49,49,شمال كردفان,540898.000000000000000,4.357335170000001,5107,4.357335180000001,4.342681510000000,SD13,SD13024,8914920281.866178512573242,489993.958587957604323
94,South Kordofan,العباسية,Abassiya,137,137,جنوب كردفان,0.000000000000000,2.700186040000000,5301,2.700186040000000,2.700247920000000,SD07,SD07090,4460442283.253890037536621,304405.191472700331360
151,South Darfur,دمسو,Damso,131,131,جنوب دارفور,502507.000000000000000,2.039979780000000,6419,2.039979780000000,2.039979780000000,SD03,SD03172,1787532152.457253217697144,229063.468329658004222
96,South Kordofan,أبو كرشولا,Abu Kershola,138,138,جنوب كردفان,0.000000000000000,2.493113830000000,5302,2.493113830000000,2.508423880000000,SD07,SD07104,3250045582.090062618255615,280325.437389108410571
97,South Kordofan,الرشاد,Ar Rashad,141,141,جنوب كردفان,0.000000000000000,1.616771460000000,5303,1.616771460000000,1.616771460000000,SD07,SD07093,1858923344.543661355972290,182143.234175667806994
100,South Kordofan,الليري,Al Leri,143,143,جنوب كردفان,0.000000000000000,3.469760670000000,5312,3.469760670000000,3.469613490000000,SD07,SD07105,7706340331.101469993591309,385455.524773743178230
152,South Darfur,كتيلا,Kateila,135,135,جنوب دارفور,522649.000000000000000,2.135949490000000,6415,2.135949480000000,2.135949480000000,SD03,SD03159,2695339554.781509876251221,240304.297829751536483
98,South Kordofan,أبو جبيهة,Abu Jubayhah,140,140,جنوب كردفان,0.000000000000000,6.335855700000000,5304,6.335855700000000,6.542897000000000,SD07,SD07088,21925143750.144622802734375,739716.611319950316101
99,South Kordofan,غدير,Ghadeer,142,142,جنوب كردفان,0.000000000000000,3.865818930000000,5317,3.865818930000000,3.865510070000000,SD07,SD07108,6932838365.998476982116699,435506.437513473327272
101,South Kordofan,تلودي,Talawdi,146,146,جنوب كردفان,0.000000000000000,2.463005870000000,5315,2.463005870000000,2.462908810000000,SD07,SD07089,3792229101.818563938140869,275345.593795293534640
102,South Kordofan,البرام,Al Buram,153,153,جنوب كردفان,0.000000000000000,1.785502040000000,5310,1.785502040000000,1.783222200000000,SD07,SD07099,1827451852.832492351531982,200200.336914867220912
103,South Kordofan,أم دورين,Um Durein,148,148,جنوب كردفان,0.000000000000000,1.791978270000000,5314,1.791978280000000,1.791689350000000,SD07,SD07091,2219410139.945921897888184,200430.206501605629455
104,South Kordofan,هيبان,Heiban,147,147,جنوب كردفان,0.000000000000000,2.258472980000000,5316,2.258472980000000,2.258264670000000,SD07,SD07096,3557327660.892310142517090,254106.567174982541474
105,South Kordofan,كادقلي,Kadugli,152,152,جنوب كردفان,0.000000000000000,1.779277440000000,5311,1.779277440000000,1.778666940000000,SD07,SD07098,2262428646.465185642242432,200103.595095369615592
106,South Kordofan,الريف الشرقي,Ar Reif Ash Shargi,151,151,جنوب كردفان,0.000000000000000,2.167322240000000,5313,2.167322240000000,2.161207960000000,SD07,SD07097,2244648538.115972042083740,242579.000176811998244
107,South Kordofan,دلامي,Delami,149,149,جنوب كردفان,0.000000000000000,2.829004020000000,5309,2.829004020000000,2.573646350000000,SD07,SD07107,4294310545.640517711639404,289332.490251476876438
113,West Kordofan,النهود,An Nuhud,106,106,غرب كردفان,0.000000000000000,6.522301730000000,5202,6.522301730000000,6.523609780000000,SD18,SD18022,13028220563.603282928466797,736614.034387342049740
108,South Kordofan,هبيلة - ج ك,Habila - SK,144,144,جنوب كردفان,0.000000000000000,3.528099920000000,5307,3.528099920000000,3.528458620000000,SD07,SD07103,6414808309.916287422180176,396931.042112292663660
109,South Kordofan,الدلنج,Dilling,150,150,جنوب كردفان,0.000000000000000,3.102228030000000,5308,3.102228030000000,3.098400520000000,SD07,SD07095,3894009084.913419246673584,348871.128928076126613
110,South Kordofan,القوز,Al Quoz,145,145,جنوب كردفان,0.000000000000000,2.477739650000000,5306,2.477739650000000,2.443610820000000,SD07,SD07094,2762700878.993916511535645,274706.546777107578237
111,West Kordofan,الخوي,Al Khiwai,166,166,غرب كردفان,0.000000000000000,4.141293170000001,5201,4.141293170000001,4.144219349999999,SD18,SD18105,9744483847.149511337280273,467562.678970428882167
112,West Kordofan,أبو زبد,Abu Zabad,167,167,غرب كردفان,0.000000000000000,2.957665600000000,5204,2.957665600000000,2.954238190000000,SD18,SD18028,5507343758.442424774169922,332452.551823067013174
114,West Kordofan,ود بندة,Wad Bandah,64,64,غرب كردفان,156286.000000000000000,6.493651590000000,5203,6.493651590000000,6.496101610000000,SD18,SD18029,12112332365.385568618774414,733170.034794177627191
115,West Kordofan,السنوط,As Sunut,171,171,غرب كردفان,0.000000000000000,3.751327350000000,5205,3.751327350000000,3.749864020000000,SD18,SD18092,7248966939.860408782958984,422301.815016605774872
120,West Kordofan,بابنوسة,Babanusa,173,173,غرب كردفان,0.000000000000000,2.153935120000000,5210,2.153935120000000,2.154797480000000,SD18,SD18100,2467077324.805793762207031,242499.623174164706143
116,West Kordofan,الأضية,Al Idia,168,168,غرب كردفان,0.000000000000000,4.864541020000000,5206,4.864541020000000,4.865740320000000,SD18,SD18104,7703041008.889430046081543,547475.212953543872572
117,West Kordofan,غبيش,Ghubaish,169,169,غرب كردفان,0.000000000000000,3.860143990000000,5207,3.860143990000000,3.861880840000000,SD18,SD18021,7636965949.845923423767090,435362.558150425902568
118,West Kordofan,لقاوة,Al Lagowa,170,170,غرب كردفان,0.000000000000000,3.491066640000000,5208,3.491066640000000,3.484276040000000,SD18,SD18102,7733949736.388210296630859,389822.545811440504622
119,West Kordofan,السلام - غ ك,As Salam - WK,172,172,غرب كردفان,0.000000000000000,4.090315530000000,5209,4.090315530000000,4.090315530000000,SD18,SD18086,9559685462.784276962280273,460972.153158955101389
121,West Kordofan,كيلك,Keilak,165,165,غرب كردفان,42666.000000000000000,3.981748480000000,5212,3.981748480000000,3.978018390000000,SD18,SD18085,9196512820.795999526977539,448037.499218110810034
122,West Kordofan,الدبب,Al Dibab,174,174,غرب كردفان,0.000000000000000,5.264620430000000,5213,5.266499500000000,5.541093950000000,SD18,SD18103,9431686469.950778961181641,618413.682573657715693
123,West Kordofan,أبيي,Abyei,176,176,غرب كردفان,0.000000000000000,2.712060270000000,5211,2.712060270000000,2.712245320000000,SD18,SD18087,4626190535.708513259887695,304736.700286351027898
180,North Darfur,أم كدادة,Um Kadadah,178,178,شمال دارفور,0.000000000000000,4.380793030000000,6109,4.380793030000000,4.373207799999999,SD02,SD02136,13926249730.522783279418945,491156.985647087101825
124,West Kordofan,الميرم,Al Meiram,175,175,غرب كردفان,0.000000000000000,2.835199160000000,5214,3.106730180000000,2.847425950000000,SD18,SD18106,5769435091.130312919616699,496153.291926693753339
125,Abyei PCA,إدارية أبيي,Abyei PCA area,0,0,إدارية أبيي,0.000000000000000,0.000000000000000,0,0.000000000000000,0.000000000000000,SD19,SD19001,10919387069.819122314453125,413597.668502833985258
128,East Darfur,عسلاية,Assalaya,12,12,شرق دارفور,0.000000000000000,3.398274530000000,6503,3.398274530000000,3.398358150000000,SD05,SD05163,5063160311.863883018493652,382854.126322737429291
129,East Darfur,الضعين,Ad Du'ayn,11,11,شرق دارفور,400264.000000000000000,1.109998510000000,6506,1.109998510000000,1.109998510000000,SD05,SD05142,898095297.514071702957153,124694.676173168190871
126,East Darfur,شعيرية,Shia'ria,0,0,شرق دارفور,0.000000000000000,0.000000000000000,6501,0.000000000000000,0.000000000000000,SD05,SD05148,3941578877.890611171722412,307023.132907883555163
127,East Darfur,يس,Yassin,9,9,شرق دارفور,0.000000000000000,3.775978190000000,6502,3.775978200000000,3.775925840000000,SD05,SD05165,5770482657.463497161865234,395194.752533030114137
130,East Darfur,أبو كارنكا,Abu Karinka,15,15,شرق دارفور,0.000000000000000,1.913397710000000,6505,1.913397710000000,1.913442090000000,SD05,SD05155,2571601520.242625713348389,215461.367356597678736
131,East Darfur,عديلة,Adila,14,14,شرق دارفور,0.000000000000000,2.439413420000000,6504,2.439413420000000,2.439033220000000,SD05,SD05139,4038603315.615194320678711,274423.537517714488786
132,East Darfur,أبو جابرة,Abu Jabrah,17,17,شرق دارفور,0.000000000000000,3.069403480000000,6507,3.069403480000000,3.069247080000000,SD05,SD05140,6326097028.764066696166992,343686.137203841703013
133,East Darfur,الفردوس,Al Firdous,13,13,شرق دارفور,0.000000000000000,2.542854820000000,6508,2.542854820000000,2.542854820000000,SD05,SD05152,3161485021.689135551452637,286111.293608206091449
136,South Darfur,الوحدة,Al Wihda,127,127,جنوب دارفور,629971.000000000000000,1.342716590000000,6402,1.342716590000000,1.354643870000000,SD03,SD03150,1139745123.253777503967285,152808.712979645468295
134,East Darfur,بحر العرب,Bahr Al Arab,16,16,شرق دارفور,0.000000000000000,7.395053979999999,6509,7.438075410000000,7.442502470000000,SD05,SD05160,21269151850.357223510742188,767583.891469267313369
135,South Darfur,شرق الجبل,Sharg Aj Jabal,119,119,جنوب دارفور,11953.000000000000000,2.115898860000000,6401,2.115898860000000,2.127754790000000,SD03,SD03147,3069902315.427033424377441,238981.260484808997717
141,South Darfur,كاس,Kas,121,121,جنوب دارفور,252563.000000000000000,2.466860720000000,6404,2.466860720000000,2.466883630000000,SD03,SD03144,3687891868.251091003417969,278321.133774777175859
142,South Darfur,شطاية,Shattaya,129,129,جنوب دارفور,252563.000000000000000,2.132006200000000,6406,2.132006200000000,2.131965240000000,SD03,SD03154,1928273123.350792646408081,241185.685163193091284
143,South Darfur,كبم,Kubum,136,136,جنوب دارفور,522649.000000000000000,2.646963030000000,6411,2.646963030000000,2.647019550000000,SD03,SD03157,3157895463.792803287506104,298484.980796654417645
144,South Darfur,عد الفرسان,Ed Al Fursan,120,120,جنوب دارفور,522649.000000000000000,2.778333170000000,6412,2.778333170000000,2.778333170000000,SD03,SD03143,4652830252.057805061340332,313195.994098564493470
145,South Darfur,السلام - ج د,As Salam - SD,123,123,جنوب دارفور,181192.000000000000000,3.656850670000000,6407,3.656850670000000,3.656850670000000,SD03,SD03166,5343654560.591559410095215,410698.394786504446529
146,South Darfur,بليل,Beliel,130,130,جنوب دارفور,181192.000000000000000,1.892769830000000,6408,1.892769830000000,1.892769830000000,SD03,SD03162,2505703824.886764526367188,237345.007174137514085
147,South Darfur,تلس,Tulus,117,117,جنوب دارفور,502507.000000000000000,2.583407080000000,6416,2.583407080000000,2.583407080000000,SD03,SD03149,2247607235.495324611663818,290284.787016860092990
148,South Darfur,قريضة,Gereida,133,133,جنوب دارفور,512952.000000000000000,1.906129250000000,6413,1.906129250000000,1.906129250000000,SD03,SD03153,2517757659.655047893524170,223114.099878436129075
149,South Darfur,السنطة,As Sunta,132,132,جنوب دارفور,512952.000000000000000,2.234662540000000,6417,2.234662530000000,2.345732410000000,SD03,SD03156,3644109776.539324760437012,271255.783553013927303
153,South Darfur,رهيد البردي,Rehaid Albirdi,118,118,جنوب دارفور,266023.000000000000000,4.409798870000000,6414,4.409798870000000,4.409796600000000,SD03,SD03158,7807564232.262054443359375,494831.808058238530066
154,South Darfur,أم دافوق,Um Dafoug,126,126,جنوب دارفور,266023.000000000000000,2.721288900000000,6420,2.721288900000000,2.721223450000000,SD03,SD03146,5399029927.788351058959961,303673.225958906521555
155,South Darfur,الردوم,Al Radoum,116,116,جنوب دارفور,512952.000000000000000,7.753865980000000,6421,7.753865980000000,7.497587760000000,SD03,SD03141,26443848195.338020324707031,917503.301122818258591
156,West Darfur,كلبس,Kulbus,103,103,غرب دارفور,0.000000000000000,2.666629790000000,6201,2.666629790000000,2.646884780000000,SD04,SD04127,3136437710.383408546447754,301620.565412701573223
157,West Darfur,جبل مون,Jebel Moon,102,102,غرب دارفور,0.000000000000000,2.795492460000000,6202,2.795492460000000,2.806962390000000,SD04,SD04123,4179500876.993738174438477,314849.156579110771418
158,West Darfur,سربا,Sirba,98,98,غرب دارفور,87293.000000000000000,1.707450660000000,6203,1.707450650000000,1.707182420000000,SD04,SD04134,2096837051.049607992172241,191467.070358885539463
159,West Darfur,الجنينة,Ag Geneina,99,99,غرب دارفور,252744.000000000000000,2.697234240000000,6205,2.697234240000000,2.697787170000000,SD04,SD04115,2916134087.105405330657959,304755.016767382971011
160,West Darfur,كرينك,Kereneik,101,101,غرب دارفور,99703.000000000000000,3.314407110000000,6204,3.314407110000000,3.316912080000000,SD04,SD04125,6159985383.252534866333008,374394.655070954526309
161,West Darfur,بيضا,Beida,100,100,غرب دارفور,70585.000000000000000,1.646431470000000,6206,1.646431470000000,1.645430290000000,SD04,SD04111,1931232651.680712223052979,233561.064348058629548
162,West Darfur,هبيلة - غ د,Habila - WD,104,104,غرب دارفور,0.000000000000000,2.384004250000000,6207,2.384004250000000,2.452891430000000,SD04,SD04122,2446035262.637451171875000,268714.745284016535152
163,West Darfur,فور برنقا,Foro Baranga,105,105,غرب دارفور,0.000000000000000,1.197092010000000,6208,1.197092020000000,1.195947910000000,SD04,SD04121,821722870.201375007629395,135336.490961996460101
166,Central Darfur,غرب جبل مرة,Gharb Jabal Marrah,3,3,وسط دارفور,23059.000000000000000,1.970607620000000,6303,1.970607620000000,1.970912170000000,SD06,SD06131,2504677669.890030384063721,222343.930639158119448
164,Central Darfur,شمال  جبل مرة,Shamal Jabal Marrah,5,5,وسط دارفور,0.000000000000000,1.737737600000000,6302,1.282274940000000,1.282411150000000,SD06,SD06132,1163592150.449763536453247,144194.728702885331586
165,Central Darfur,وسط جبل مرة,Wasat Jabal Marrah,188,188,وسط دارفور,0.000000000000000,1.737737600000000,6304,0.974300570000000,0.974248630000000,SD06,SD06139,474964296.801365315914154,109973.773023338173516
170,Central Darfur,بندسي,Bendasi,8,8,وسط دارفور,0.000000000000000,3.710394880000000,6308,3.710394880000000,3.710532630000000,SD06,SD06112,5703258404.948958396911621,418189.761577865865547
167,Central Darfur,زالنجى,Zalingi,2,2,وسط دارفور,101052.000000000000000,3.256403560000000,6301,3.256403560000000,3.256542650000000,SD06,SD06138,6523663630.832686424255371,367638.860294334706850
168,Central Darfur,أزوم,Azum,1,1,وسط دارفور,61283.000000000000000,2.506515380000000,6305,2.506515380000000,2.507282250000000,SD06,SD06110,3395529768.232017993927002,282336.594319075171370
169,Central Darfur,وادي صالح,Wadi Salih,7,7,وسط دارفور,0.000000000000000,2.469280230000000,6306,2.469280230000000,2.469275790000000,SD06,SD06137,3498026196.402073383331299,277474.101861804199871
171,Central Darfur,مكجر,Mukjar,4,4,وسط دارفور,101265.000000000000000,3.199116900000000,6307,3.199116890000000,3.199202130000000,SD06,SD06130,6551738339.423130035400391,360764.318588695779908
172,Central Darfur,أم دخن,Um Dukhun,6,6,وسط دارفور,83813.000000000000000,2.429746620000000,6309,2.429746620000000,2.429664330000000,SD06,SD06135,2851014625.314637184143066,273377.726353024423588
173,North Darfur,المالحة,Al Malha,179,179,شمال دارفور,0.000000000000000,18.502474670000002,6101,18.502474670000002,18.509925310000003,SD02,SD02117,215472492572.673614501953125,2121159.174968252424151
178,North Darfur,مليط,Melit,162,162,شمال دارفور,0.000000000000000,6.155135910000000,6102,6.155135910000000,6.148478630000000,SD02,SD02129,17261590609.017757415771484,693735.605312528088689
174,North Darfur,الطينة,At Tina,186,186,شمال دارفور,0.000000000000000,4.074207180000000,6106,4.074207170000000,3.804407030000000,SD02,SD02171,6073043718.580457687377930,445143.495856038760394
175,North Darfur,كرنوي,Kernoi,187,187,شمال دارفور,0.000000000000000,4.262942350000000,6105,4.262942350000000,4.055695810000000,SD02,SD02168,9287082618.458557128906250,472665.596921500458848
176,North Darfur,أم برو,Um Baru,181,181,شمال دارفور,0.000000000000000,5.979741020000001,6104,5.979741020000001,6.001073120000000,SD02,SD02120,17730962740.127998352050781,684270.863326813327149
177,North Darfur,كتم,Kutum,63,63,شمال دارفور,0.000000000000000,4.908867530000000,6103,4.908867530000000,4.908867530000000,SD02,SD02128,15027516443.710498809814453,555317.220841989386827
181,North Darfur,كلمندو,Kelemando,177,177,شمال دارفور,0.000000000000000,3.345381680000000,6110,3.345381680000000,3.346902880000000,SD02,SD02126,7664167988.941412925720215,380948.096933175576851
182,North Darfur,الفاشر,Al Fasher,61,61,شمال دارفور,0.000000000000000,4.438582370000001,6108,4.438582370000001,4.438582370000001,SD02,SD02114,9067567052.820747375488281,498218.536419536452740
183,North Darfur,دار السلام,Dar As Salam,180,180,شمال دارفور,0.000000000000000,2.200850770000000,6111,2.200850770000000,2.197862820000000,SD02,SD02113,3151352695.182201385498047,248133.216479893540964
184,North Darfur,طويلة,Tawila,185,185,شمال دارفور,0.000000000000000,2.605155510000000,6112,2.605155510000000,2.601473900000000,SD02,SD02170,3701387795.977490425109863,291989.355889211641625
30,Khartoum,أم درمان,Omdurman,46,46,الخرطوم,513088.000000000000000,1.735508180000000,3105,1.735508180000000,1.734878560000000,SD01,SD01006,1318085349.512346982955933,197421.679532313457457
185,North Darfur,كبكابية,Kebkabiya,62,62,شمال دارفور,0.000000000000000,2.568045860000000,6113,2.568045860000000,2.564513540000000,SD02,SD02124,4734476092.387242317199707,289370.383101047948003
186,North Darfur,السريف,As Serief,184,184,شمال دارفور,0.000000000000000,3.273707470000000,6114,3.273707470000000,3.277453620000000,SD02,SD02118,6623855755.453242301940918,368785.972027104697190
187,North Darfur,سرف عمرة,Saraf Omra,183,183,شمال دارفور,0.000000000000000,2.624961580000000,6115,2.624961580000000,2.633773300000000,SD02,SD02133,1578762443.293217897415161,296658.020822537539061
188,North Darfur,الطويشة,At Tawisha,164,164,شمال دارفور,0.000000000000000,4.161605040000000,6116,4.161605040000000,4.157700010000000,SD02,SD02119,11516980551.127525329589844,466437.629032094962895
189,North Darfur,اللعيت,Al Lait,163,163,شمال دارفور,0.000000000000000,2.418734710000000,6117,2.418734710000000,2.445516430000000,SD02,SD02169,2939375139.885416984558105,270636.650079595448915
